mae_mean,mae_lower,mae_upper,rmse_mean,rmse_lower,rmse_upper,bpr_mean,bpr_lower,bpr_upper,deaths_reached_mean,deaths_reached_lower,deaths_reached_upper,max_yhat,method,hypers,split
0.9844063079777365,0.9559137291280149,1.017230983302412,1.5753800055571197,1.4831532972069161,1.6370086050195791,0.6961222263606972,0.6665067930204573,0.7208403521728021,394.62313,360.17002499999995,426.49187500000005,22.0,AvgLastWYears,{'W': 1},valid
1.0693506493506493,1.030612244897959,1.1020871985157699,1.658358551332386,1.5886891063051995,1.7121604603994485,0.7387934916860556,0.706431602220936,0.769910490212658,466.07804000000004,422.0807249999999,508.49887500000006,24.0,AvgLastWYears,{'W': 1},test
