mae_mean,mae_lower,mae_upper,rmse_mean,rmse_lower,rmse_upper,bpr_mean,bpr_lower,bpr_upper,deaths_reached_mean,deaths_reached_lower,deaths_reached_upper,max_yhat,method,hypers,split
0.9200185528756957,0.8935528756957328,0.9479359925788498,1.40641459348658,1.3197991438624628,1.4621185416486715,0.7928619268820322,0.769346795647855,0.8167231687451639,449.4759999999999,408.256075,481.8605,15.75,AvgLastWYears,{'W': 4},valid
0.9368506493506493,0.8993158627087199,0.9717126623376624,1.4392338598090737,1.377421590892172,1.49830028926492,0.8013686639652068,0.7620253201937359,0.8427903347855998,505.24303,465.2690000000001,539.8548250000001,21.0,AvgLastWYears,{'W': 4},test
