mae_mean,mae_lower,mae_upper,rmse_mean,rmse_lower,rmse_upper,bpr_mean,bpr_lower,bpr_upper,deaths_reached_mean,deaths_reached_lower,deaths_reached_upper,max_yhat,method,hypers,split
1.0906646348467663,1.0532303446197373,1.1240131808348286,1.7818301919624813,1.5993610051783773,1.8776007471974456,0.7582594914466667,0.7250730338983051,0.7933099967669316,429.8903699999999,387.70917499999996,465.49002499999995,4.733038249251458,LinearRegressor,"{'feat_cols': ['prev_deaths_03back', 'prev_deaths_02back', 'prev_deaths_01back'], 'alpha': 31622.776601683792, 'max_iter': 1000}",valid
1.1503676074982934,1.1054691906138094,1.1945170966223755,1.8721389781482822,1.7632744481613094,1.9581761880833601,0.7856636913775605,0.757415905688623,0.8179060668281576,495.418695,456.9807749999999,525.5476749999998,5.333604892038375,LinearRegressor,"{'feat_cols': ['prev_deaths_03back', 'prev_deaths_02back', 'prev_deaths_01back'], 'alpha': 31622.776601683792, 'max_iter': 1000}",test
