mae_mean,mae_lower,mae_upper,rmse_mean,rmse_lower,rmse_upper,bpr_mean,bpr_lower,bpr_upper,deaths_reached_mean,deaths_reached_lower,deaths_reached_upper,max_yhat,method,hypers,split
1.1019558903690139,1.0321778027132749,1.1410418494244972,2.4550256906527195,1.5224379824656238,2.6965487747951866,0.772521296202404,0.7459167280766398,0.7967633244843781,437.92,396.475,469.5249999999999,93.78330626730586,PoissonRegressor,"{'feat_cols': ['prev_deaths_05back', 'prev_deaths_04back', 'prev_deaths_03back', 'prev_deaths_02back', 'prev_deaths_01back', 'INTPTLAT', 'INTPTLON', 'timestep'], 'alpha': 3.1622776601683795, 'max_iter': 1000}",valid
1.2193160117911594,1.0759179035547983,1.2911123664590107,4.638265770279412,1.6516857595022965,5.9157595562395375,0.7878280283330554,0.7590621991472976,0.8227987860879291,496.79,454.00000000000017,527.0500000000002,202.60257497539592,PoissonRegressor,"{'feat_cols': ['prev_deaths_05back', 'prev_deaths_04back', 'prev_deaths_03back', 'prev_deaths_02back', 'prev_deaths_01back', 'INTPTLAT', 'INTPTLON', 'timestep'], 'alpha': 3.1622776601683795, 'max_iter': 1000}",test
