mae_mean,mae_lower,mae_upper,rmse_mean,rmse_lower,rmse_upper,bpr_mean,bpr_lower,bpr_upper,deaths_reached_mean,deaths_reached_lower,deaths_reached_upper,max_yhat,method,hypers,split
1.1019577412861679,1.0321777066565105,1.1410441575232309,2.455075929431077,1.522437939826018,2.6966098832655105,0.772521296202404,0.7459167280766398,0.7967633244843781,437.92,396.475,469.5249999999999,93.78591664126031,PoissonRegressor,"{'feat_cols': ['prev_deaths_05back', 'prev_deaths_04back', 'prev_deaths_03back', 'prev_deaths_02back', 'prev_deaths_01back', 'INTPTLAT', 'INTPTLON', 'timestep'], 'alpha': 3.1622776601683795, 'max_iter': 1000}",valid
1.2193199334885898,1.0759179093052735,1.2911186791934548,4.63838666435043,1.6516913354951288,5.915952943833538,0.7878280283330554,0.7590621991472976,0.8227987860879291,496.79,454.00000000000017,527.0500000000002,202.60916580032475,PoissonRegressor,"{'feat_cols': ['prev_deaths_05back', 'prev_deaths_04back', 'prev_deaths_03back', 'prev_deaths_02back', 'prev_deaths_01back', 'INTPTLAT', 'INTPTLON', 'timestep'], 'alpha': 3.1622776601683795, 'max_iter': 1000}",test
