geoid,deaths
deaths_2020,3
deaths_2019,2
deaths_2018,0
lat,+42.0212553
lon,-087.6698301
